{"cameraMode":{"drawMode":0,"name":"Shaded","section":"Shading Mode"},"sceneLighting":true,"audioPlay":false,"sceneViewState":{"m_AlwaysRefresh":false,"showFog":true,"showSkybox":true,"showFlares":true,"showImageEffects":true,"showParticleSystems":true,"showVisualEffectGraphs":true,"m_FxEnabled":true},"in2DMode":false,"pivot":{"x":-2.7115421295166017,"y":2.556878089904785,"z":0.24399995803833009},"rotation":{"x":0.02699737250804901,"y":-0.004181527066975832,"z":0.00011537541286088526,"w":0.9996442794799805},"size":1.2635002136230469,"orthographic":false}