{"cameraMode":{"drawMode":0,"name":"Shaded","section":"Shading Mode"},"sceneLighting":false,"audioPlay":false,"sceneViewState":{"m_AlwaysRefresh":false,"showFog":true,"showSkybox":false,"showFlares":true,"showImageEffects":true,"showParticleSystems":true,"showVisualEffectGraphs":true,"m_FxEnabled":true},"in2DMode":false,"pivot":{"x":-0.010944157838821411,"y":0.06055177003145218,"z":-0.0070296525955200199},"rotation":{"x":0.07102764397859574,"y":0.44595396518707278,"z":-0.035526223480701449,"w":0.8915330171585083},"size":0.24552848935127259,"orthographic":false}