{"cameraMode":{"drawMode":0,"name":"Shaded","section":"Shading Mode"},"sceneLighting":false,"audioPlay":false,"sceneViewState":{"m_AlwaysRefresh":false,"showFog":true,"showSkybox":false,"showFlares":true,"showImageEffects":true,"showParticleSystems":true,"showVisualEffectGraphs":true,"m_FxEnabled":true},"in2DMode":false,"pivot":{"x":-0.023014366626739503,"y":-0.04013848304748535,"z":-0.05002981424331665},"rotation":{"x":0.02699737250804901,"y":-0.004181527066975832,"z":0.00011537541286088526,"w":0.9996442794799805},"size":0.7594243884086609,"orthographic":false}